{
  "data_sources": [
    {
      "source": "INSEE Code Officiel Géographique (COG)",
      "license": "Open License 2.0 (Etalab)",
      "note": "Top cities by population, administrative regions and departments"
    }
  ],
  "cities": [
    "Aix-en-Provence",
    "Ajaccio",
    "Amiens",
    "Angers",
    "Annecy",
    "Antibes",
    "Antony",
    "Argenteuil",
    "Asnières-sur-Seine",
    "Aubervilliers",
    "Aulnay-sous-Bois",
    "Avignon",
    "Bastia",
    "Beauvais",
    "Belfort",
    "Besançon",
    "Béziers",
    "Bordeaux",
    "Boulogne-Billancourt",
    "Bourges",
    "Brest",
    "Caen",
    "Calais",
    "Cannes",
    "Cergy",
    "Chambéry",
    "Champigny-sur-Marne",
    "Charleville-Mézières",
    "Cholet",
    "Clermont-Ferrand",
    "Clichy",
    "Colmar",
    "Colombes",
    "Courbevoie",
    "Créteil",
    "Dijon",
    "Drancy",
    "Dunkerque",
    "Épinay-sur-Seine",
    "Fort-de-France",
    "Grenoble",
    "Issy-les-Moulineaux",
    "Ivry-sur-Seine",
    "La Rochelle",
    "La Seyne-sur-Mer",
    "Laval",
    "Le Havre",
    "Le Mans",
    "Le Tampon",
    "Levallois-Perret",
    "Lille",
    "Limoges",
    "Lorient",
    "Lyon",
    "Marseille",
    "Mérignac",
    "Metz",
    "Montauban",
    "Montpellier",
    "Montreuil",
    "Mulhouse",
    "Nancy",
    "Nanterre",
    "Nantes",
    "Neuilly-sur-Seine",
    "Nice",
    "Nîmes",
    "Niort",
    "Noisy-le-Grand",
    "Orléans",
    "Paris",
    "Pau",
    "Perpignan",
    "Pessac",
    "Poitiers",
    "Quimper",
    "Reims",
    "Rennes",
    "Roubaix",
    "Rouen",
    "Rueil-Malmaison",
    "Saint-Denis",
    "Saint-Étienne",
    "Saint-Maur-des-Fossés",
    "Saint-Nazaire",
    "Saint-Paul",
    "Sarcelles",
    "Strasbourg",
    "Toulon",
    "Toulouse",
    "Tourcoing",
    "Tours",
    "Troyes",
    "Valence",
    "Vannes",
    "Vénissieux",
    "Versailles",
    "Villeneuve-d'Ascq",
    "Villeurbanne",
    "Vitry-sur-Seine"
  ],
  "regions": [
    "Auvergne-Rhône-Alpes",
    "Bourgogne-Franche-Comté",
    "Bretagne",
    "Centre-Val de Loire",
    "Corse",
    "Grand Est",
    "Guadeloupe",
    "Guyane",
    "Hauts-de-France",
    "Île-de-France",
    "La Réunion",
    "Martinique",
    "Mayotte",
    "Normandie",
    "Nouvelle-Aquitaine",
    "Occitanie",
    "Pays de la Loire",
    "Provence-Alpes-Côte d'Azur"
  ],
  "departments": [
    "Ain",
    "Aisne",
    "Allier",
    "Alpes-de-Haute-Provence",
    "Alpes-Maritimes",
    "Ardèche",
    "Ardennes",
    "Ariège",
    "Aube",
    "Aude",
    "Aveyron",
    "Bas-Rhin",
    "Bouches-du-Rhône",
    "Calvados",
    "Cantal",
    "Charente",
    "Charente-Maritime",
    "Cher",
    "Corrèze",
    "Corse-du-Sud",
    "Côte-d'Or",
    "Côtes-d'Armor",
    "Creuse",
    "Deux-Sèvres",
    "Dordogne",
    "Doubs",
    "Drôme",
    "Essonne",
    "Eure",
    "Eure-et-Loir",
    "Finistère",
    "Gard",
    "Gers",
    "Gironde",
    "Guadeloupe",
    "Guyane",
    "Haut-Rhin",
    "Haute-Corse",
    "Haute-Garonne",
    "Haute-Loire",
    "Haute-Marne",
    "Haute-Saône",
    "Haute-Savoie",
    "Haute-Vienne",
    "Hautes-Alpes",
    "Hautes-Pyrénées",
    "Hauts-de-Seine",
    "Hérault",
    "Ille-et-Vilaine",
    "Indre",
    "Indre-et-Loire",
    "Isère",
    "Jura",
    "La Réunion",
    "Landes",
    "Loir-et-Cher",
    "Loire",
    "Loire-Atlantique",
    "Loiret",
    "Lot",
    "Lot-et-Garonne",
    "Lozère",
    "Maine-et-Loire",
    "Manche",
    "Marne",
    "Martinique",
    "Mayenne",
    "Mayotte",
    "Meurthe-et-Moselle",
    "Meuse",
    "Morbihan",
    "Moselle",
    "Nièvre",
    "Nord",
    "Oise",
    "Orne",
    "Paris",
    "Pas-de-Calais",
    "Puy-de-Dôme",
    "Pyrénées-Atlantiques",
    "Pyrénées-Orientales",
    "Rhône",
    "Saône-et-Loire",
    "Sarthe",
    "Savoie",
    "Seine-et-Marne",
    "Seine-Maritime",
    "Seine-Saint-Denis",
    "Somme",
    "Tarn",
    "Tarn-et-Garonne",
    "Territoire de Belfort",
    "Val-d'Oise",
    "Val-de-Marne",
    "Var",
    "Vaucluse",
    "Vendée",
    "Vienne",
    "Vosges",
    "Yonne",
    "Yvelines"
  ]
}
